{"v":"5.1.10","fr":29.9700012207031,"ip":0,"op":20.0000008146167,"w":2000,"h":2000,"nm":"Comp 1","ddd":0,"assets":[],"layers":[{"ddd":0,"ind":1,"ty":1,"nm":"Deep Red Solid 3","sr":1,"ks":{"o":{"a":0,"k":100,"ix":11},"r":{"a":0,"k":0,"ix":10},"p":{"a":1,"k":[{"i":{"x":0.667,"y":1},"o":{"x":0.333,"y":0},"n":"0p667_1_0p333_0","t":0,"s":[1012,290,0],"e":[1012,642,0],"to":[0,58.6666679382324,0],"ti":[0,-130.66667175293,0]},{"i":{"x":0.667,"y":1},"o":{"x":0.333,"y":0},"n":"0p667_1_0p333_0","t":5,"s":[1012,642,0],"e":[1012,1074,0],"to":[0,130.66667175293,0],"ti":[0,72,0]},{"i":{"x":0.667,"y":0.722},"o":{"x":0.333,"y":0},"n":"0p667_0p722_0p333_0","t":10,"s":[1012,1074,0],"e":[1012,354.005,0],"to":[0,-63.7629585266113,0],"ti":[0,210.265487670898,0]},{"i":{"x":0.667,"y":1},"o":{"x":0.333,"y":0.278},"n":"0p667_1_0p333_0p278","t":15,"s":[1012,354.005,0],"e":[1012,210,0],"to":[0,-27.1625671386719,0],"ti":[0,14.9487056732178,0]},{"i":{"x":0.667,"y":1},"o":{"x":0.167,"y":0},"n":"0p667_1_0p167_0","t":16,"s":[1012,210,0],"e":[1012,290,0],"to":[0,-130.66667175293,0],"ti":[0,-13.3333330154419,0]},{"t":20.0000008146167}],"ix":2},"a":{"a":0,"k":[1000,1000,0],"ix":1},"s":{"a":1,"k":[{"i":{"x":[0.667,0.667,0.667],"y":[1,1,1]},"o":{"x":[0.333,0.333,0.333],"y":[0,0,0]},"n":["0p667_1_0p333_0","0p667_1_0p333_0","0p667_1_0p333_0"],"t":5,"s":[100,100,100],"e":[100,100,100]},{"t":10.0000004073083}],"ix":6}},"ao":0,"hasMask":true,"masksProperties":[{"inv":false,"mode":"f","pt":{"a":0,"k":{"i":[[0.403,1.241],[1.294,0.188],[0,0],[0,0],[1.154,-2.348],[0,0],[0,0],[0.402,-1.244],[-0.939,-0.912],[0,0],[0,0],[-1.06,-0.768],[-1.147,0.604],[0,0],[0,0],[-0.55,0],[-0.597,0.436],[0.221,1.288],[0,0],[0,0]],"o":[[-0.402,-1.244],[0,0],[0,0],[-1.154,-2.348],[0,0],[0,0],[-1.294,0.188],[-0.402,1.241],[0,0],[0,0],[-0.221,1.288],[1.06,0.775],[0,0],[0,0],[0.503,0.265],[0.711,0],[1.06,-0.768],[0,0],[0,0],[0.939,-0.912]],"v":[[1066.341,984.894],[1063.571,982.556],[1021.772,976.479],[1003.079,938.607],[996.921,938.607],[978.228,976.479],[936.429,982.556],[933.659,984.894],[934.53,988.411],[964.773,1017.893],[957.63,1059.519],[958.998,1062.875],[962.614,1063.137],[1000,1043.485],[1037.386,1063.137],[1038.982,1063.533],[1041.001,1062.875],[1042.37,1059.519],[1035.227,1017.893],[1065.469,988.411]],"c":true},"ix":1},"o":{"a":0,"k":100,"ix":3},"x":{"a":0,"k":0,"ix":4},"nm":"Mask 1"}],"ef":[{"ty":21,"nm":"Fill","np":9,"mn":"ADBE Fill","ix":1,"en":1,"ef":[{"ty":10,"nm":"Fill Mask","mn":"ADBE Fill-0001","ix":1,"v":{"a":0,"k":0,"ix":1}},{"ty":7,"nm":"All Masks","mn":"ADBE Fill-0007","ix":2,"v":{"a":0,"k":0,"ix":2}},{"ty":2,"nm":"Color","mn":"ADBE Fill-0002","ix":3,"v":{"a":0,"k":[0.984313726425,0.796078443527,0.058823529631,1],"ix":3}},{"ty":7,"nm":"Invert","mn":"ADBE Fill-0006","ix":4,"v":{"a":0,"k":0,"ix":4}},{"ty":0,"nm":"Horizontal Feather","mn":"ADBE Fill-0003","ix":5,"v":{"a":0,"k":0,"ix":5}},{"ty":0,"nm":"Vertical Feather","mn":"ADBE Fill-0004","ix":6,"v":{"a":0,"k":0,"ix":6}},{"ty":0,"nm":"Opacity","mn":"ADBE Fill-0005","ix":7,"v":{"a":0,"k":1,"ix":7}}]}],"sw":2000,"sh":2000,"sc":"#bd3926","ip":0,"op":300.00001221925,"st":0,"bm":0},{"ddd":0,"ind":2,"ty":1,"nm":"Black Solid 2","sr":1,"ks":{"o":{"a":0,"k":100,"ix":11},"r":{"a":1,"k":[{"i":{"x":[0.667],"y":[1]},"o":{"x":[0.333],"y":[0]},"n":["0p667_1_0p333_0"],"t":0,"s":[0],"e":[-15.396]},{"i":{"x":[0.667],"y":[1]},"o":{"x":[0.333],"y":[0]},"n":["0p667_1_0p333_0"],"t":5,"s":[-15.396],"e":[15.45]},{"i":{"x":[0.667],"y":[1]},"o":{"x":[0.333],"y":[0]},"n":["0p667_1_0p333_0"],"t":10,"s":[15.45],"e":[0]},{"t":16.0000006516934}],"ix":10},"p":{"a":1,"k":[{"i":{"x":0.667,"y":1},"o":{"x":0.333,"y":0},"n":"0p667_1_0p333_0","t":0,"s":[1009,659,0],"e":[1009,951,0],"to":[0,48.6666679382324,0],"ti":[0,-111.333335876465,0]},{"i":{"x":0.667,"y":1},"o":{"x":0.333,"y":0},"n":"0p667_1_0p333_0","t":5,"s":[1009,951,0],"e":[1009,1327,0],"to":[0,111.333335876465,0],"ti":[0,62,0]},{"i":{"x":0.667,"y":1},"o":{"x":0.333,"y":0},"n":"0p667_1_0p333_0","t":10,"s":[1009,1327,0],"e":[1009,659,0],"to":[0,-54.8595352172852,0],"ti":[0,12.8221235275269,0]},{"i":{"x":0.667,"y":1},"o":{"x":0.167,"y":0},"n":"0p667_1_0p167_0","t":16,"s":[1009,659,0],"e":[1009,659,0],"to":[0,-111.333335876465,0],"ti":[0,0,0]},{"t":20.0000008146167}],"ix":2},"a":{"a":0,"k":[1000,1000,0],"ix":1},"s":{"a":1,"k":[{"i":{"x":[0.667,0.667,0.667],"y":[1,1,1]},"o":{"x":[0.333,0.333,0.333],"y":[0,0,0]},"n":["0p667_1_0p333_0","0p667_1_0p333_0","0p667_1_0p333_0"],"t":5,"s":[100,100,100],"e":[100,100,100]},{"t":10.0000004073083}],"ix":6}},"ao":0,"hasMask":true,"masksProperties":[{"inv":false,"mode":"f","pt":{"a":0,"k":{"i":[[0,0],[-12.486,0],[-4.876,20.898]],"o":[[4.273,19.649],[13,0],[0,0]],"v":[[961.917,1013.28],[1000,1039.895],[1038.083,1013.28]],"c":true},"ix":1},"o":{"a":0,"k":100,"ix":3},"x":{"a":0,"k":0,"ix":4},"nm":"Mask 1"},{"inv":false,"mode":"f","pt":{"a":0,"k":{"i":[[0,-7.864],[7.863,0],[0,7.863],[-7.864,0]],"o":[[0,7.863],[-7.864,0],[0,-7.864],[7.863,0]],"v":[[972.406,974.343],[958.168,988.581],[943.93,974.343],[958.168,960.105]],"c":true},"ix":1},"o":{"a":0,"k":100,"ix":3},"x":{"a":0,"k":0,"ix":4},"nm":"Mask 2"},{"inv":false,"mode":"f","pt":{"a":0,"k":{"i":[[0,-7.864],[7.863,0],[0,7.863],[-7.863,0]],"o":[[0,7.863],[-7.863,0],[0,-7.864],[7.863,0]],"v":[[1056.07,974.343],[1041.832,988.581],[1027.594,974.343],[1041.832,960.105]],"c":true},"ix":1},"o":{"a":0,"k":100,"ix":3},"x":{"a":0,"k":0,"ix":4},"nm":"Mask 3"}],"sw":2000,"sh":2000,"sc":"#000000","ip":0,"op":300.00001221925,"st":0,"bm":0},{"ddd":0,"ind":3,"ty":1,"nm":"Deep Turquoise Solid 1","sr":1,"ks":{"o":{"a":0,"k":100,"ix":11},"r":{"a":1,"k":[{"i":{"x":[0.667],"y":[1]},"o":{"x":[0.333],"y":[0]},"n":["0p667_1_0p333_0"],"t":0,"s":[0],"e":[-6.383]},{"i":{"x":[0.667],"y":[1]},"o":{"x":[0.333],"y":[0]},"n":["0p667_1_0p333_0"],"t":5,"s":[-6.383],"e":[5.733]},{"i":{"x":[0.667],"y":[1]},"o":{"x":[0.333],"y":[0]},"n":["0p667_1_0p333_0"],"t":10,"s":[5.733],"e":[0]},{"t":15.0000006109625}],"ix":10},"p":{"a":1,"k":[{"i":{"x":0.667,"y":1},"o":{"x":0.333,"y":0},"n":"0p667_1_0p333_0","t":0,"s":[1010,648,0],"e":[1010,940,0],"to":[0,48.6666679382324,0],"ti":[0,-94.6666641235352,0]},{"i":{"x":0.667,"y":1},"o":{"x":0.333,"y":0},"n":"0p667_1_0p333_0","t":5,"s":[1010,940,0],"e":[1010,1216,0],"to":[0,94.6666641235352,0],"ti":[0,48.6666679382324,0]},{"i":{"x":0.667,"y":1},"o":{"x":0.333,"y":0},"n":"0p667_1_0p333_0","t":10,"s":[1010,1216,0],"e":[1010,648,0],"to":[0,-48.6666679382324,0],"ti":[0,94.6666641235352,0]},{"i":{"x":0.667,"y":0.667},"o":{"x":0.333,"y":0.333},"n":"0p667_0p667_0p333_0p333","t":15,"s":[1010,648,0],"e":[1010,648,0],"to":[0,0,0],"ti":[0,0,0]},{"t":20.0000008146167}],"ix":2},"a":{"a":0,"k":[1000,1000,0],"ix":1},"s":{"a":1,"k":[{"i":{"x":[0.667,0.667,0.667],"y":[1,1,1]},"o":{"x":[0.333,0.333,0.333],"y":[0,0,0]},"n":["0p667_1_0p333_0","0p667_1_0p333_0","0p667_1_0p333_0"],"t":5,"s":[100,100,100],"e":[100,100,100]},{"t":10.0000004073083}],"ix":6}},"ao":0,"hasMask":true,"masksProperties":[{"inv":false,"mode":"f","pt":{"a":0,"k":{"i":[[3.837,5.215],[0,0],[5.46,0],[3.233,-4.4],[0,0],[-2.924,-5.778],[-6.472,0],[0,0],[-2.918,5.778]],"o":[[0,0],[-3.233,-4.4],[-5.46,0],[0,0],[-3.836,5.215],[2.918,5.778],[0,0],[6.473,0],[2.924,-5.778]],"v":[[1311.233,1191.962],[1013.827,787.688],[999.997,780.693],[986.166,787.688],[688.767,1191.962],[687.278,1209.887],[702.597,1219.307],[1297.403,1219.307],[1312.722,1209.887]],"c":true},"ix":1},"o":{"a":0,"k":100,"ix":3},"x":{"a":0,"k":0,"ix":4},"nm":"Mask 1"}],"sw":2000,"sh":2000,"sc":"#0aa265","ip":0,"op":300.00001221925,"st":0,"bm":0},{"ddd":0,"ind":4,"ty":1,"nm":"Black Solid 1","sr":1,"ks":{"o":{"a":0,"k":100,"ix":11},"r":{"a":1,"k":[{"i":{"x":[0.833],"y":[0.833]},"o":{"x":[0.167],"y":[0.167]},"n":["0p833_0p833_0p167_0p167"],"t":0,"s":[0],"e":[4.189]},{"i":{"x":[0.833],"y":[0.833]},"o":{"x":[0.167],"y":[0.167]},"n":["0p833_0p833_0p167_0p167"],"t":5,"s":[4.189],"e":[-2.128]},{"i":{"x":[0.833],"y":[0.833]},"o":{"x":[0.167],"y":[0.167]},"n":["0p833_0p833_0p167_0p167"],"t":10,"s":[-2.128],"e":[0]},{"t":17.0000006924242}],"ix":10},"p":{"a":1,"k":[{"i":{"x":0.667,"y":1},"o":{"x":0.333,"y":0},"n":"0p667_1_0p333_0","t":0,"s":[1036,828,0],"e":[1036,1080,0],"to":[0,42,0],"ti":[0,-61.3333320617676,0]},{"i":{"x":0.667,"y":1},"o":{"x":0.333,"y":0},"n":"0p667_1_0p333_0","t":5,"s":[1036,1080,0],"e":[1036,1196,0],"to":[0,61.3333320617676,0],"ti":[0,42,0]},{"i":{"x":0.667,"y":0.636},"o":{"x":0.333,"y":0},"n":"0p667_0p636_0p333_0","t":10,"s":[1036,1196,0],"e":[1036,900.957,0],"to":[0,-31.9668750762939,0],"ti":[0,102.118598937988,0]},{"i":{"x":0.667,"y":1},"o":{"x":0.333,"y":0.588},"n":"0p667_1_0p333_0p588","t":15,"s":[1036,900.957,0],"e":[1036,828,0],"to":[0,-32.0509490966797,0],"ti":[0,14.6515474319458,0]},{"t":17.0000006924242}],"ix":2},"a":{"a":0,"k":[1000,1000,0],"ix":1},"s":{"a":1,"k":[{"i":{"x":[0.667,0.667,0.667],"y":[1,1,1]},"o":{"x":[0.333,0.333,0.333],"y":[0,0,0]},"n":["0p667_1_0p333_0","0p667_1_0p333_0","0p667_1_0p333_0"],"t":5,"s":[100,100,100],"e":[100,100,100]},{"t":10.0000004073083}],"ix":6}},"ao":0,"hasMask":true,"masksProperties":[{"inv":false,"mode":"f","pt":{"a":0,"k":{"i":[[5.46,0],[3.233,-4.4],[0,0],[0,0],[0,0]],"o":[[-5.46,0],[0,0],[0,0],[0,0],[-3.232,-4.4]],"v":[[973.832,824.974],[960.003,831.97],[759.965,1103.891],[1240.035,1175.026],[987.662,831.97]],"c":true},"ix":1},"o":{"a":0,"k":10,"ix":3},"x":{"a":0,"k":0,"ix":4},"nm":"Mask 1"}],"sw":2000,"sh":2000,"sc":"#000000","ip":0,"op":300.00001221925,"st":0,"bm":0},{"ddd":0,"ind":5,"ty":1,"nm":"Deep Turquoise Solid 2","sr":1,"ks":{"o":{"a":0,"k":100,"ix":11},"r":{"a":1,"k":[{"i":{"x":[0.667],"y":[1]},"o":{"x":[0.333],"y":[0]},"n":["0p667_1_0p333_0"],"t":0,"s":[0],"e":[5.236]},{"i":{"x":[0.667],"y":[1]},"o":{"x":[0.333],"y":[0]},"n":["0p667_1_0p333_0"],"t":5,"s":[5.236],"e":[-2.84]},{"i":{"x":[0.667],"y":[1]},"o":{"x":[0.333],"y":[0]},"n":["0p667_1_0p333_0"],"t":10,"s":[-2.84],"e":[0]},{"t":17.0000006924242}],"ix":10},"p":{"a":1,"k":[{"i":{"x":0.667,"y":1},"o":{"x":0.333,"y":0},"n":"0p667_1_0p333_0","t":0,"s":[1010,920,0],"e":[1010,1172,0],"to":[0,42,0],"ti":[0,-61.3333320617676,0]},{"i":{"x":0.667,"y":1},"o":{"x":0.333,"y":0},"n":"0p667_1_0p333_0","t":5,"s":[1010,1172,0],"e":[1010,1288,0],"to":[0,61.3333320617676,0],"ti":[0,42,0]},{"i":{"x":0.667,"y":0.636},"o":{"x":0.333,"y":0},"n":"0p667_0p636_0p333_0","t":10,"s":[1010,1288,0],"e":[1010,992.957,0],"to":[0,-31.9668750762939,0],"ti":[0,102.118598937988,0]},{"i":{"x":0.667,"y":1},"o":{"x":0.333,"y":0.588},"n":"0p667_1_0p333_0p588","t":15,"s":[1010,992.957,0],"e":[1010,920,0],"to":[0,-32.0509490966797,0],"ti":[0,14.6515474319458,0]},{"t":17.0000006924242}],"ix":2},"a":{"a":0,"k":[1000,1000,0],"ix":1},"s":{"a":1,"k":[{"i":{"x":[0.667,0.667,0.667],"y":[1,1,1]},"o":{"x":[0.333,0.333,0.333],"y":[0,0,0]},"n":["0p667_1_0p333_0","0p667_1_0p333_0","0p667_1_0p333_0"],"t":5,"s":[100,100,100],"e":[100,100,100]},{"t":10.0000004073083}],"ix":6}},"ao":0,"hasMask":true,"masksProperties":[{"inv":false,"mode":"f","pt":{"a":0,"k":{"i":[[3.837,5.215],[0,0],[5.46,0],[3.233,-4.4],[0,0],[-2.924,-5.778],[-6.473,0],[0,0],[-2.918,5.778]],"o":[[0,0],[-3.233,-4.4],[-5.46,0],[0,0],[-3.837,5.215],[2.918,5.778],[0,0],[6.473,0],[2.924,-5.778]],"v":[[1380.526,1239.058],[1013.827,740.592],[999.997,733.596],[986.166,740.592],[619.474,1239.058],[617.985,1256.983],[633.304,1266.404],[1366.696,1266.404],[1382.015,1256.983]],"c":true},"ix":1},"o":{"a":0,"k":100,"ix":3},"x":{"a":0,"k":0,"ix":4},"nm":"Mask 1"}],"sw":2000,"sh":2000,"sc":"#0aa265","ip":0,"op":300.00001221925,"st":0,"bm":0},{"ddd":0,"ind":6,"ty":3,"nm":"Null 2","sr":1,"ks":{"o":{"a":0,"k":0,"ix":11},"r":{"a":0,"k":0,"ix":10},"p":{"a":1,"k":[{"i":{"x":0.667,"y":1},"o":{"x":0.333,"y":0},"n":"0p667_1_0p333_0","t":0,"s":[914,1255,0],"e":[914,1491,0],"to":[0,39.3333320617676,0],"ti":[0,-39.3333320617676,0]},{"i":{"x":0.667,"y":0.667},"o":{"x":0.333,"y":0.333},"n":"0p667_0p667_0p333_0p333","t":5,"s":[914,1491,0],"e":[914,1491,0],"to":[0,0,0],"ti":[0,0,0]},{"i":{"x":0.667,"y":1},"o":{"x":0.333,"y":0},"n":"0p667_1_0p333_0","t":10,"s":[914,1491,0],"e":[914,1255,0],"to":[0,-39.3333320617676,0],"ti":[0,39.3333320617676,0]},{"t":17.0000006924242}],"ix":2},"a":{"a":0,"k":[50,50,0],"ix":1},"s":{"a":1,"k":[{"i":{"x":[0.667,0.667,0.667],"y":[1,1,1]},"o":{"x":[0.333,0.333,0.333],"y":[0,0,0]},"n":["0p667_1_0p333_0","0p667_1_0p333_0","0p667_1_0p333_0"],"t":5,"s":[160,164,100],"e":[160,164,100]},{"t":10.0000004073083}],"ix":6}},"ao":0,"ip":0,"op":300.00001221925,"st":0,"bm":0},{"ddd":0,"ind":7,"ty":1,"nm":"White Solid 1","parent":6,"sr":1,"ks":{"o":{"a":0,"k":100,"ix":11},"r":{"a":0,"k":0,"ix":10},"p":{"a":1,"k":[{"i":{"x":0.667,"y":0.667},"o":{"x":0.333,"y":0.333},"n":"0p667_0p667_0p333_0p333","t":0,"s":[59.688,34.756,0],"e":[59.688,34.756,0],"to":[0,0,0],"ti":[0,0,0]},{"i":{"x":0.667,"y":0.667},"o":{"x":0.333,"y":0.333},"n":"0p667_0p667_0p333_0p333","t":5,"s":[59.688,34.756,0],"e":[59.688,34.756,0],"to":[0,0,0],"ti":[0,0,0]},{"i":{"x":0.667,"y":0.667},"o":{"x":0.333,"y":0.333},"n":"0p667_0p667_0p333_0p333","t":10,"s":[59.688,34.756,0],"e":[59.688,34.756,0],"to":[0,0,0],"ti":[0,0,0]},{"t":15.0000006109625}],"ix":2},"a":{"a":0,"k":[1000,1000,0],"ix":1},"s":{"a":1,"k":[{"i":{"x":[0.667,0.667,0.667],"y":[1,1,1]},"o":{"x":[0.333,0.333,0.333],"y":[0,0,0]},"n":["0p667_1_0p333_0","0p667_1_0p333_0","0p667_1_0p333_0"],"t":5,"s":[62.5,60.976,100],"e":[62.5,60.976,100]},{"t":10.0000004073083}],"ix":6}},"ao":0,"hasMask":true,"masksProperties":[{"inv":false,"mode":"f","pt":{"a":0,"k":{"i":[[-6.214,0],[0,0],[0,6.214],[0,0],[6.214,0],[0,0],[0,-6.214],[0,0]],"o":[[0,0],[6.214,0],[0,0],[0,-6.214],[0,0],[-6.214,0],[0,0],[0,6.214]],"v":[[972.894,1011.298],[1027.106,1011.298],[1038.405,1000],[1038.405,1000],[1027.106,988.702],[972.894,988.702],[961.595,1000],[961.595,1000]],"c":true},"ix":1},"o":{"a":0,"k":100,"ix":3},"x":{"a":0,"k":0,"ix":4},"nm":"Mask 1"}],"sw":2000,"sh":2000,"sc":"#edeced","ip":0,"op":300.00001221925,"st":0,"bm":0},{"ddd":0,"ind":8,"ty":1,"nm":"Deep Red Solid 2","parent":6,"sr":1,"ks":{"o":{"a":0,"k":100,"ix":11},"r":{"a":0,"k":0,"ix":10},"p":{"a":1,"k":[{"i":{"x":0.667,"y":0.667},"o":{"x":0.333,"y":0.333},"n":"0p667_0p667_0p333_0p333","t":0,"s":[46.406,61.738,0],"e":[46.406,61.738,0],"to":[0,0,0],"ti":[0,0,0]},{"i":{"x":0.667,"y":0.667},"o":{"x":0.333,"y":0.333},"n":"0p667_0p667_0p333_0p333","t":5,"s":[46.406,61.738,0],"e":[46.406,61.738,0],"to":[0,0,0],"ti":[0,0,0]},{"i":{"x":0.667,"y":0.667},"o":{"x":0.333,"y":0.333},"n":"0p667_0p667_0p333_0p333","t":10,"s":[46.406,61.738,0],"e":[46.406,61.738,0],"to":[0,0,0],"ti":[0,0,0]},{"t":15.0000006109625}],"ix":2},"a":{"a":0,"k":[1000,1000,0],"ix":1},"s":{"a":1,"k":[{"i":{"x":[0.667,0.667,0.667],"y":[1,1,1]},"o":{"x":[0.333,0.333,0.333],"y":[0,0,0]},"n":["0p667_1_0p333_0","0p667_1_0p333_0","0p667_1_0p333_0"],"t":5,"s":[62.5,60.976,100],"e":[62.5,60.976,100]},{"t":10.0000004073083}],"ix":6}},"ao":0,"hasMask":true,"masksProperties":[{"inv":false,"mode":"f","pt":{"a":0,"k":{"i":[[0,0],[0,0],[0,0],[0,-14.789],[0,0],[-14.789,0],[0,0],[-2.534,12.204],[0,1.249],[0,0],[0,0],[0,0]],"o":[[0,0],[0,0],[-14.789,0],[0,0],[0,14.789],[0,0],[12.926,0],[0.361,-1.134],[0,0],[0,0],[0,0],[0,0]],"v":[[993.276,947.915],[993.276,998.306],[977.844,998.306],[950.954,1025.196],[950.954,1025.196],[977.844,1052.086],[1022.157,1052.086],[1048.488,1030.637],[1049.046,1027.049],[1049.046,1025.196],[1049.046,1025.196],[1049.046,947.915]],"c":true},"ix":1},"o":{"a":0,"k":100,"ix":3},"x":{"a":0,"k":0,"ix":4},"nm":"Mask 1"}],"sw":2000,"sh":2000,"sc":"#bd3926","ip":0,"op":300.00001221925,"st":0,"bm":0},{"ddd":0,"ind":9,"ty":1,"nm":"Medium Gray-Orange Solid 2","parent":6,"sr":1,"ks":{"o":{"a":0,"k":100,"ix":11},"r":{"a":0,"k":0,"ix":10},"p":{"a":0,"k":[59.687,-25,0],"ix":2},"a":{"a":0,"k":[1000,1000,0],"ix":1},"s":{"a":0,"k":[62.5,139.188,100],"ix":6}},"ao":0,"hasMask":true,"masksProperties":[{"inv":false,"mode":"f","pt":{"a":0,"k":{"i":[[1.559,0],[0,0],[0,1.559],[0,0],[-1.559,0],[0,0],[0,-1.559],[0,0]],"o":[[0,0],[-1.559,0],[0,0],[0,-1.559],[0,0],[1.559,0],[0,0],[0,1.559]],"v":[[1025.051,1063.742],[974.95,1063.742],[972.115,1060.908],[972.115,945.377],[974.95,942.542],[1025.051,942.542],[1027.885,945.377],[1027.885,1060.908]],"c":true},"ix":1},"o":{"a":0,"k":100,"ix":3},"x":{"a":0,"k":0,"ix":4},"nm":"Mask 1"}],"sw":2000,"sh":2000,"sc":"#5c4e3b","ip":0,"op":300.00001221925,"st":0,"bm":0},{"ddd":0,"ind":10,"ty":3,"nm":"Null 1","sr":1,"ks":{"o":{"a":0,"k":0,"ix":11},"r":{"a":0,"k":0,"ix":10},"p":{"a":1,"k":[{"i":{"x":0.667,"y":1},"o":{"x":0.333,"y":0},"n":"0p667_1_0p333_0","t":0,"s":[1092,1336,0],"e":[1092,1492,0],"to":[0,26,0],"ti":[0,-26,0]},{"i":{"x":0.667,"y":0.667},"o":{"x":0.333,"y":0.333},"n":"0p667_0p667_0p333_0p333","t":5,"s":[1092,1492,0],"e":[1092,1492,0],"to":[0,0,0],"ti":[0,0,0]},{"i":{"x":0.667,"y":1},"o":{"x":0.333,"y":0},"n":"0p667_1_0p333_0","t":10,"s":[1092,1492,0],"e":[1092,1296,0],"to":[0,-32.6666679382324,0],"ti":[0,32.6666679382324,0]},{"t":15.0000006109625}],"ix":2},"a":{"a":0,"k":[50,50,0],"ix":1},"s":{"a":1,"k":[{"i":{"x":[0.667,0.667,0.667],"y":[1,1,1]},"o":{"x":[0.333,0.333,0.333],"y":[0,0,0]},"n":["0p667_1_0p333_0","0p667_1_0p333_0","0p667_1_0p333_0"],"t":5,"s":[168,168,100],"e":[168,168,100]},{"t":10.0000004073083}],"ix":6}},"ao":0,"ip":0,"op":300.00001221925,"st":0,"bm":0},{"ddd":0,"ind":11,"ty":1,"nm":"White Solid 1","parent":10,"sr":1,"ks":{"o":{"a":0,"k":100,"ix":11},"r":{"a":0,"k":0,"ix":10},"p":{"a":1,"k":[{"i":{"x":0.667,"y":0.667},"o":{"x":0.333,"y":0.333},"n":"0p667_0p667_0p333_0p333","t":0,"s":[41.071,35.119,0],"e":[41.071,35.119,0],"to":[0,0,0],"ti":[0,0,0]},{"i":{"x":0.667,"y":0.667},"o":{"x":0.333,"y":0.333},"n":"0p667_0p667_0p333_0p333","t":5,"s":[41.071,35.119,0],"e":[41.071,35.119,0],"to":[0,0,0],"ti":[0,0,0]},{"i":{"x":0.667,"y":0.667},"o":{"x":0.333,"y":0.333},"n":"0p667_0p667_0p333_0p333","t":10,"s":[41.071,35.119,0],"e":[41.071,35.119,0],"to":[0,0,0],"ti":[0,0,0]},{"t":15.0000006109625}],"ix":2},"a":{"a":0,"k":[1000,1000,0],"ix":1},"s":{"a":1,"k":[{"i":{"x":[0.667,0.667,0.667],"y":[1,1,1]},"o":{"x":[0.333,0.333,0.333],"y":[0,0,0]},"n":["0p667_1_0p333_0","0p667_1_0p333_0","0p667_1_0p333_0"],"t":5,"s":[59.524,59.524,100],"e":[59.524,59.524,100]},{"t":10.0000004073083}],"ix":6}},"ao":0,"hasMask":true,"masksProperties":[{"inv":false,"mode":"f","pt":{"a":0,"k":{"i":[[-6.214,0],[0,0],[0,6.214],[0,0],[6.214,0],[0,0],[0,-6.214],[0,0]],"o":[[0,0],[6.214,0],[0,0],[0,-6.214],[0,0],[-6.214,0],[0,0],[0,6.214]],"v":[[972.894,1011.298],[1027.106,1011.298],[1038.405,1000],[1038.405,1000],[1027.106,988.702],[972.894,988.702],[961.595,1000],[961.595,1000]],"c":true},"ix":1},"o":{"a":0,"k":100,"ix":3},"x":{"a":0,"k":0,"ix":4},"nm":"Mask 1"}],"sw":2000,"sh":2000,"sc":"#edeced","ip":0,"op":300.00001221925,"st":0,"bm":0},{"ddd":0,"ind":12,"ty":1,"nm":"Deep Red Solid 1","parent":10,"sr":1,"ks":{"o":{"a":0,"k":100,"ix":11},"r":{"a":0,"k":0,"ix":10},"p":{"a":1,"k":[{"i":{"x":0.667,"y":0.667},"o":{"x":0.333,"y":0.333},"n":"0p667_0p667_0p333_0p333","t":0,"s":[52.976,61.31,0],"e":[52.976,61.31,0],"to":[0,0,0],"ti":[0,0,0]},{"i":{"x":0.667,"y":0.667},"o":{"x":0.333,"y":0.333},"n":"0p667_0p667_0p333_0p333","t":5,"s":[52.976,61.31,0],"e":[52.976,61.31,0],"to":[0,0,0],"ti":[0,0,0]},{"i":{"x":0.667,"y":0.667},"o":{"x":0.333,"y":0.333},"n":"0p667_0p667_0p333_0p333","t":10,"s":[52.976,61.31,0],"e":[52.976,61.31,0],"to":[0,0,0],"ti":[0,0,0]},{"t":15.0000006109625}],"ix":2},"a":{"a":0,"k":[1000,1000,0],"ix":1},"s":{"a":1,"k":[{"i":{"x":[0.667,0.667,0.667],"y":[1,1,1]},"o":{"x":[0.333,0.333,0.333],"y":[0,0,0]},"n":["0p667_1_0p333_0","0p667_1_0p333_0","0p667_1_0p333_0"],"t":5,"s":[59.524,59.524,100],"e":[59.524,59.524,100]},{"t":10.0000004073083}],"ix":6}},"ao":0,"hasMask":true,"masksProperties":[{"inv":false,"mode":"f","pt":{"a":0,"k":{"i":[[14.789,0],[0,0],[0,0],[0,0],[0,0],[0,0],[0,0],[-0.361,-1.134],[-12.926,0],[0,0],[0,14.789],[0,0]],"o":[[0,0],[0,0],[0,0],[0,0],[0,0],[0,0],[0,1.249],[2.534,12.204],[0,0],[14.789,0],[0,0],[0,-14.789]],"v":[[1022.157,998.306],[1006.724,998.306],[1006.724,947.915],[950.954,947.915],[950.954,1025.196],[950.954,1025.196],[950.954,1027.049],[951.512,1030.637],[977.843,1052.086],[1022.157,1052.086],[1049.046,1025.196],[1049.046,1025.196]],"c":true},"ix":1},"o":{"a":0,"k":100,"ix":3},"x":{"a":0,"k":0,"ix":4},"nm":"Mask 1"}],"sw":2000,"sh":2000,"sc":"#bd3926","ip":0,"op":300.00001221925,"st":0,"bm":0},{"ddd":0,"ind":13,"ty":1,"nm":"Medium Gray-Orange Solid 1","parent":10,"sr":1,"ks":{"o":{"a":0,"k":100,"ix":11},"r":{"a":0,"k":0,"ix":10},"p":{"a":0,"k":[40.476,-25,0],"ix":2},"a":{"a":0,"k":[1000,1000,0],"ix":1},"s":{"a":0,"k":[59.524,137.736,100],"ix":6}},"ao":0,"hasMask":true,"masksProperties":[{"inv":false,"mode":"f","pt":{"a":0,"k":{"i":[[-1.559,0],[0,0],[0,1.559],[0,0],[0,0],[1.559,0],[0,0],[0,-1.559],[0,0]],"o":[[0,0],[1.559,0],[0,0],[0,0],[0,-1.559],[0,0],[-1.559,0],[0,0],[0,1.559]],"v":[[974.95,1063.861],[1025.05,1063.861],[1027.885,1061.026],[1027.885,1011.668],[1027.885,947.617],[1025.05,944.782],[974.95,944.782],[972.115,947.617],[972.115,1061.026]],"c":true},"ix":1},"o":{"a":0,"k":100,"ix":3},"x":{"a":0,"k":0,"ix":4},"nm":"Mask 1"}],"sw":2000,"sh":2000,"sc":"#5c4e3b","ip":0,"op":300.00001221925,"st":0,"bm":0},{"ddd":0,"ind":14,"ty":1,"nm":"Deep Red Solid 4","sr":1,"ks":{"o":{"a":0,"k":88,"ix":11},"r":{"a":0,"k":0,"ix":10},"p":{"a":0,"k":[1004,1556,0],"ix":2},"a":{"a":0,"k":[1000,1000,0],"ix":1},"s":{"a":1,"k":[{"i":{"x":[0.833,0.833,0.833],"y":[0.833,0.833,0.833]},"o":{"x":[0.167,0.167,0.167],"y":[0.167,0.167,0.167]},"n":["0p833_0p833_0p167_0p167","0p833_0p833_0p167_0p167","0p833_0p833_0p167_0p167"],"t":0,"s":[64.532,38.335,100],"e":[100.554,52.038,100]},{"i":{"x":[0.833,0.833,0.833],"y":[0.833,0.833,0.833]},"o":{"x":[0.167,0.167,0.167],"y":[0.167,0.167,0.167]},"n":["0p833_0p833_0p167_0p167","0p833_0p833_0p167_0p167","0p833_0p833_0p167_0p167"],"t":5,"s":[100.554,52.038,100],"e":[169.274,52.038,100]},{"i":{"x":[0.833,0.833,0.833],"y":[0.833,0.833,0.833]},"o":{"x":[0.167,0.167,0.167],"y":[0.167,0.167,0.167]},"n":["0p833_0p833_0p167_0p167","0p833_0p833_0p167_0p167","0p833_0p833_0p167_0p167"],"t":10,"s":[169.274,52.038,100],"e":[64.532,38.335,100]},{"t":13.0000005295009}],"ix":6}},"ao":0,"hasMask":true,"masksProperties":[{"inv":false,"mode":"f","pt":{"a":0,"k":{"i":[[99.657,0],[0,-16.121],[-99.656,0],[0,16.121]],"o":[[-99.656,0],[0,16.121],[99.657,0],[0,-16.121]],"v":[[1000,970.81],[819.556,1000],[1000,1029.19],[1180.444,1000]],"c":true},"ix":1},"o":{"a":0,"k":100,"ix":3},"x":{"a":0,"k":0,"ix":4},"nm":"Mask 1"}],"ef":[{"ty":21,"nm":"Fill","np":9,"mn":"ADBE Fill","ix":1,"en":1,"ef":[{"ty":10,"nm":"Fill Mask","mn":"ADBE Fill-0001","ix":1,"v":{"a":0,"k":0,"ix":1}},{"ty":7,"nm":"All Masks","mn":"ADBE Fill-0007","ix":2,"v":{"a":0,"k":0,"ix":2}},{"ty":2,"nm":"Color","mn":"ADBE Fill-0002","ix":3,"v":{"a":0,"k":[0.933333337307,0.933333337307,0.933333337307,1],"ix":3}},{"ty":7,"nm":"Invert","mn":"ADBE Fill-0006","ix":4,"v":{"a":0,"k":0,"ix":4}},{"ty":0,"nm":"Horizontal Feather","mn":"ADBE Fill-0003","ix":5,"v":{"a":0,"k":0,"ix":5}},{"ty":0,"nm":"Vertical Feather","mn":"ADBE Fill-0004","ix":6,"v":{"a":0,"k":0,"ix":6}},{"ty":0,"nm":"Opacity","mn":"ADBE Fill-0005","ix":7,"v":{"a":0,"k":1,"ix":7}}]}],"sw":2000,"sh":2000,"sc":"#bd3926","ip":0,"op":300.00001221925,"st":0,"bm":0}],"markers":[]}